unique_id,building,floor,room,sensor_type,file_path
1,POLOA,4,413,co2,c:\Users\eloma\OneDrive\Desktop\TBDM-Heatmap\./data/raw_dataset\4\413\co2.csv
2,POLOA,4,413,humidity,c:\Users\eloma\OneDrive\Desktop\TBDM-Heatmap\./data/raw_dataset\4\413\humidity.csv
3,POLOA,4,413,light,c:\Users\eloma\OneDrive\Desktop\TBDM-Heatmap\./data/raw_dataset\4\413\light.csv
4,POLOA,4,413,pir,c:\Users\eloma\OneDrive\Desktop\TBDM-Heatmap\./data/raw_dataset\4\413\pir.csv
5,POLOA,4,413,temperature,c:\Users\eloma\OneDrive\Desktop\TBDM-Heatmap\./data/raw_dataset\4\413\temperature.csv
6,POLOA,4,415,co2,c:\Users\eloma\OneDrive\Desktop\TBDM-Heatmap\./data/raw_dataset\4\415\co2.csv
7,POLOA,4,415,humidity,c:\Users\eloma\OneDrive\Desktop\TBDM-Heatmap\./data/raw_dataset\4\415\humidity.csv
8,POLOA,4,415,light,c:\Users\eloma\OneDrive\Desktop\TBDM-Heatmap\./data/raw_dataset\4\415\light.csv
9,POLOA,4,415,pir,c:\Users\eloma\OneDrive\Desktop\TBDM-Heatmap\./data/raw_dataset\4\415\pir.csv
10,POLOA,4,415,temperature,c:\Users\eloma\OneDrive\Desktop\TBDM-Heatmap\./data/raw_dataset\4\415\temperature.csv
11,POLOA,4,417,co2,c:\Users\eloma\OneDrive\Desktop\TBDM-Heatmap\./data/raw_dataset\4\417\co2.csv
12,POLOA,4,417,humidity,c:\Users\eloma\OneDrive\Desktop\TBDM-Heatmap\./data/raw_dataset\4\417\humidity.csv
13,POLOA,4,417,light,c:\Users\eloma\OneDrive\Desktop\TBDM-Heatmap\./data/raw_dataset\4\417\light.csv
14,POLOA,4,417,pir,c:\Users\eloma\OneDrive\Desktop\TBDM-Heatmap\./data/raw_dataset\4\417\pir.csv
15,POLOA,4,417,temperature,c:\Users\eloma\OneDrive\Desktop\TBDM-Heatmap\./data/raw_dataset\4\417\temperature.csv
16,POLOA,4,419,co2,c:\Users\eloma\OneDrive\Desktop\TBDM-Heatmap\./data/raw_dataset\4\419\co2.csv
17,POLOA,4,419,humidity,c:\Users\eloma\OneDrive\Desktop\TBDM-Heatmap\./data/raw_dataset\4\419\humidity.csv
18,POLOA,4,419,light,c:\Users\eloma\OneDrive\Desktop\TBDM-Heatmap\./data/raw_dataset\4\419\light.csv
19,POLOA,4,419,pir,c:\Users\eloma\OneDrive\Desktop\TBDM-Heatmap\./data/raw_dataset\4\419\pir.csv
20,POLOA,4,419,temperature,c:\Users\eloma\OneDrive\Desktop\TBDM-Heatmap\./data/raw_dataset\4\419\temperature.csv
21,POLOA,4,421,co2,c:\Users\eloma\OneDrive\Desktop\TBDM-Heatmap\./data/raw_dataset\4\421\co2.csv
22,POLOA,4,421,humidity,c:\Users\eloma\OneDrive\Desktop\TBDM-Heatmap\./data/raw_dataset\4\421\humidity.csv
23,POLOA,4,421,light,c:\Users\eloma\OneDrive\Desktop\TBDM-Heatmap\./data/raw_dataset\4\421\light.csv
24,POLOA,4,421,pir,c:\Users\eloma\OneDrive\Desktop\TBDM-Heatmap\./data/raw_dataset\4\421\pir.csv
25,POLOA,4,421,temperature,c:\Users\eloma\OneDrive\Desktop\TBDM-Heatmap\./data/raw_dataset\4\421\temperature.csv
26,POLOA,4,422,co2,c:\Users\eloma\OneDrive\Desktop\TBDM-Heatmap\./data/raw_dataset\4\422\co2.csv
27,POLOA,4,422,humidity,c:\Users\eloma\OneDrive\Desktop\TBDM-Heatmap\./data/raw_dataset\4\422\humidity.csv
28,POLOA,4,422,light,c:\Users\eloma\OneDrive\Desktop\TBDM-Heatmap\./data/raw_dataset\4\422\light.csv
29,POLOA,4,422,pir,c:\Users\eloma\OneDrive\Desktop\TBDM-Heatmap\./data/raw_dataset\4\422\pir.csv
30,POLOA,4,422,temperature,c:\Users\eloma\OneDrive\Desktop\TBDM-Heatmap\./data/raw_dataset\4\422\temperature.csv
31,POLOA,4,423,co2,c:\Users\eloma\OneDrive\Desktop\TBDM-Heatmap\./data/raw_dataset\4\423\co2.csv
32,POLOA,4,423,humidity,c:\Users\eloma\OneDrive\Desktop\TBDM-Heatmap\./data/raw_dataset\4\423\humidity.csv
33,POLOA,4,423,light,c:\Users\eloma\OneDrive\Desktop\TBDM-Heatmap\./data/raw_dataset\4\423\light.csv
34,POLOA,4,423,pir,c:\Users\eloma\OneDrive\Desktop\TBDM-Heatmap\./data/raw_dataset\4\423\pir.csv
35,POLOA,4,423,temperature,c:\Users\eloma\OneDrive\Desktop\TBDM-Heatmap\./data/raw_dataset\4\423\temperature.csv
36,POLOA,4,424,co2,c:\Users\eloma\OneDrive\Desktop\TBDM-Heatmap\./data/raw_dataset\4\424\co2.csv
37,POLOA,4,424,humidity,c:\Users\eloma\OneDrive\Desktop\TBDM-Heatmap\./data/raw_dataset\4\424\humidity.csv
38,POLOA,4,424,light,c:\Users\eloma\OneDrive\Desktop\TBDM-Heatmap\./data/raw_dataset\4\424\light.csv
39,POLOA,4,424,pir,c:\Users\eloma\OneDrive\Desktop\TBDM-Heatmap\./data/raw_dataset\4\424\pir.csv
40,POLOA,4,424,temperature,c:\Users\eloma\OneDrive\Desktop\TBDM-Heatmap\./data/raw_dataset\4\424\temperature.csv
41,POLOA,4,442,co2,c:\Users\eloma\OneDrive\Desktop\TBDM-Heatmap\./data/raw_dataset\4\442\co2.csv
42,POLOA,4,442,humidity,c:\Users\eloma\OneDrive\Desktop\TBDM-Heatmap\./data/raw_dataset\4\442\humidity.csv
43,POLOA,4,442,light,c:\Users\eloma\OneDrive\Desktop\TBDM-Heatmap\./data/raw_dataset\4\442\light.csv
44,POLOA,4,442,pir,c:\Users\eloma\OneDrive\Desktop\TBDM-Heatmap\./data/raw_dataset\4\442\pir.csv
45,POLOA,4,442,temperature,c:\Users\eloma\OneDrive\Desktop\TBDM-Heatmap\./data/raw_dataset\4\442\temperature.csv
46,POLOA,4,446,co2,c:\Users\eloma\OneDrive\Desktop\TBDM-Heatmap\./data/raw_dataset\4\446\co2.csv
47,POLOA,4,446,humidity,c:\Users\eloma\OneDrive\Desktop\TBDM-Heatmap\./data/raw_dataset\4\446\humidity.csv
48,POLOA,4,446,light,c:\Users\eloma\OneDrive\Desktop\TBDM-Heatmap\./data/raw_dataset\4\446\light.csv
49,POLOA,4,446,pir,c:\Users\eloma\OneDrive\Desktop\TBDM-Heatmap\./data/raw_dataset\4\446\pir.csv
50,POLOA,4,446,temperature,c:\Users\eloma\OneDrive\Desktop\TBDM-Heatmap\./data/raw_dataset\4\446\temperature.csv
51,POLOA,4,448,co2,c:\Users\eloma\OneDrive\Desktop\TBDM-Heatmap\./data/raw_dataset\4\448\co2.csv
52,POLOA,4,448,humidity,c:\Users\eloma\OneDrive\Desktop\TBDM-Heatmap\./data/raw_dataset\4\448\humidity.csv
53,POLOA,4,448,light,c:\Users\eloma\OneDrive\Desktop\TBDM-Heatmap\./data/raw_dataset\4\448\light.csv
54,POLOA,4,448,pir,c:\Users\eloma\OneDrive\Desktop\TBDM-Heatmap\./data/raw_dataset\4\448\pir.csv
55,POLOA,4,448,temperature,c:\Users\eloma\OneDrive\Desktop\TBDM-Heatmap\./data/raw_dataset\4\448\temperature.csv
56,POLOA,4,452,co2,c:\Users\eloma\OneDrive\Desktop\TBDM-Heatmap\./data/raw_dataset\4\452\co2.csv
57,POLOA,4,452,humidity,c:\Users\eloma\OneDrive\Desktop\TBDM-Heatmap\./data/raw_dataset\4\452\humidity.csv
58,POLOA,4,452,light,c:\Users\eloma\OneDrive\Desktop\TBDM-Heatmap\./data/raw_dataset\4\452\light.csv
59,POLOA,4,452,pir,c:\Users\eloma\OneDrive\Desktop\TBDM-Heatmap\./data/raw_dataset\4\452\pir.csv
60,POLOA,4,452,temperature,c:\Users\eloma\OneDrive\Desktop\TBDM-Heatmap\./data/raw_dataset\4\452\temperature.csv
61,POLOA,4,454,co2,c:\Users\eloma\OneDrive\Desktop\TBDM-Heatmap\./data/raw_dataset\4\454\co2.csv
62,POLOA,4,454,humidity,c:\Users\eloma\OneDrive\Desktop\TBDM-Heatmap\./data/raw_dataset\4\454\humidity.csv
63,POLOA,4,454,light,c:\Users\eloma\OneDrive\Desktop\TBDM-Heatmap\./data/raw_dataset\4\454\light.csv
64,POLOA,4,454,pir,c:\Users\eloma\OneDrive\Desktop\TBDM-Heatmap\./data/raw_dataset\4\454\pir.csv
65,POLOA,4,454,temperature,c:\Users\eloma\OneDrive\Desktop\TBDM-Heatmap\./data/raw_dataset\4\454\temperature.csv
66,POLOA,4,456,co2,c:\Users\eloma\OneDrive\Desktop\TBDM-Heatmap\./data/raw_dataset\4\456\co2.csv
67,POLOA,4,456,humidity,c:\Users\eloma\OneDrive\Desktop\TBDM-Heatmap\./data/raw_dataset\4\456\humidity.csv
68,POLOA,4,456,light,c:\Users\eloma\OneDrive\Desktop\TBDM-Heatmap\./data/raw_dataset\4\456\light.csv
69,POLOA,4,456,pir,c:\Users\eloma\OneDrive\Desktop\TBDM-Heatmap\./data/raw_dataset\4\456\pir.csv
70,POLOA,4,456,temperature,c:\Users\eloma\OneDrive\Desktop\TBDM-Heatmap\./data/raw_dataset\4\456\temperature.csv
71,POLOA,4,458,co2,c:\Users\eloma\OneDrive\Desktop\TBDM-Heatmap\./data/raw_dataset\4\458\co2.csv
72,POLOA,4,458,humidity,c:\Users\eloma\OneDrive\Desktop\TBDM-Heatmap\./data/raw_dataset\4\458\humidity.csv
73,POLOA,4,458,light,c:\Users\eloma\OneDrive\Desktop\TBDM-Heatmap\./data/raw_dataset\4\458\light.csv
74,POLOA,4,458,pir,c:\Users\eloma\OneDrive\Desktop\TBDM-Heatmap\./data/raw_dataset\4\458\pir.csv
75,POLOA,4,458,temperature,c:\Users\eloma\OneDrive\Desktop\TBDM-Heatmap\./data/raw_dataset\4\458\temperature.csv
76,POLOA,4,462,co2,c:\Users\eloma\OneDrive\Desktop\TBDM-Heatmap\./data/raw_dataset\4\462\co2.csv
77,POLOA,4,462,humidity,c:\Users\eloma\OneDrive\Desktop\TBDM-Heatmap\./data/raw_dataset\4\462\humidity.csv
78,POLOA,4,462,light,c:\Users\eloma\OneDrive\Desktop\TBDM-Heatmap\./data/raw_dataset\4\462\light.csv
79,POLOA,4,462,pir,c:\Users\eloma\OneDrive\Desktop\TBDM-Heatmap\./data/raw_dataset\4\462\pir.csv
80,POLOA,4,462,temperature,c:\Users\eloma\OneDrive\Desktop\TBDM-Heatmap\./data/raw_dataset\4\462\temperature.csv
81,POLOA,5,510,co2,c:\Users\eloma\OneDrive\Desktop\TBDM-Heatmap\./data/raw_dataset\5\510\co2.csv
82,POLOA,5,510,humidity,c:\Users\eloma\OneDrive\Desktop\TBDM-Heatmap\./data/raw_dataset\5\510\humidity.csv
83,POLOA,5,510,light,c:\Users\eloma\OneDrive\Desktop\TBDM-Heatmap\./data/raw_dataset\5\510\light.csv
84,POLOA,5,510,pir,c:\Users\eloma\OneDrive\Desktop\TBDM-Heatmap\./data/raw_dataset\5\510\pir.csv
85,POLOA,5,510,temperature,c:\Users\eloma\OneDrive\Desktop\TBDM-Heatmap\./data/raw_dataset\5\510\temperature.csv
86,POLOA,5,511,co2,c:\Users\eloma\OneDrive\Desktop\TBDM-Heatmap\./data/raw_dataset\5\511\co2.csv
87,POLOA,5,511,humidity,c:\Users\eloma\OneDrive\Desktop\TBDM-Heatmap\./data/raw_dataset\5\511\humidity.csv
88,POLOA,5,511,light,c:\Users\eloma\OneDrive\Desktop\TBDM-Heatmap\./data/raw_dataset\5\511\light.csv
89,POLOA,5,511,pir,c:\Users\eloma\OneDrive\Desktop\TBDM-Heatmap\./data/raw_dataset\5\511\pir.csv
90,POLOA,5,511,temperature,c:\Users\eloma\OneDrive\Desktop\TBDM-Heatmap\./data/raw_dataset\5\511\temperature.csv
91,POLOA,5,513,co2,c:\Users\eloma\OneDrive\Desktop\TBDM-Heatmap\./data/raw_dataset\5\513\co2.csv
92,POLOA,5,513,humidity,c:\Users\eloma\OneDrive\Desktop\TBDM-Heatmap\./data/raw_dataset\5\513\humidity.csv
93,POLOA,5,513,light,c:\Users\eloma\OneDrive\Desktop\TBDM-Heatmap\./data/raw_dataset\5\513\light.csv
94,POLOA,5,513,pir,c:\Users\eloma\OneDrive\Desktop\TBDM-Heatmap\./data/raw_dataset\5\513\pir.csv
95,POLOA,5,513,temperature,c:\Users\eloma\OneDrive\Desktop\TBDM-Heatmap\./data/raw_dataset\5\513\temperature.csv
96,POLOA,5,552,co2,c:\Users\eloma\OneDrive\Desktop\TBDM-Heatmap\./data/raw_dataset\5\552\co2.csv
97,POLOA,5,552,humidity,c:\Users\eloma\OneDrive\Desktop\TBDM-Heatmap\./data/raw_dataset\5\552\humidity.csv
98,POLOA,5,552,light,c:\Users\eloma\OneDrive\Desktop\TBDM-Heatmap\./data/raw_dataset\5\552\light.csv
99,POLOA,5,552,pir,c:\Users\eloma\OneDrive\Desktop\TBDM-Heatmap\./data/raw_dataset\5\552\pir.csv
100,POLOA,5,552,temperature,c:\Users\eloma\OneDrive\Desktop\TBDM-Heatmap\./data/raw_dataset\5\552\temperature.csv
101,POLOA,5,554,co2,c:\Users\eloma\OneDrive\Desktop\TBDM-Heatmap\./data/raw_dataset\5\554\co2.csv
102,POLOA,5,554,humidity,c:\Users\eloma\OneDrive\Desktop\TBDM-Heatmap\./data/raw_dataset\5\554\humidity.csv
103,POLOA,5,554,light,c:\Users\eloma\OneDrive\Desktop\TBDM-Heatmap\./data/raw_dataset\5\554\light.csv
104,POLOA,5,554,pir,c:\Users\eloma\OneDrive\Desktop\TBDM-Heatmap\./data/raw_dataset\5\554\pir.csv
105,POLOA,5,554,temperature,c:\Users\eloma\OneDrive\Desktop\TBDM-Heatmap\./data/raw_dataset\5\554\temperature.csv
106,POLOA,5,556,co2,c:\Users\eloma\OneDrive\Desktop\TBDM-Heatmap\./data/raw_dataset\5\556\co2.csv
107,POLOA,5,556,humidity,c:\Users\eloma\OneDrive\Desktop\TBDM-Heatmap\./data/raw_dataset\5\556\humidity.csv
108,POLOA,5,556,light,c:\Users\eloma\OneDrive\Desktop\TBDM-Heatmap\./data/raw_dataset\5\556\light.csv
109,POLOA,5,556,pir,c:\Users\eloma\OneDrive\Desktop\TBDM-Heatmap\./data/raw_dataset\5\556\pir.csv
110,POLOA,5,556,temperature,c:\Users\eloma\OneDrive\Desktop\TBDM-Heatmap\./data/raw_dataset\5\556\temperature.csv
111,POLOA,5,558,co2,c:\Users\eloma\OneDrive\Desktop\TBDM-Heatmap\./data/raw_dataset\5\558\co2.csv
112,POLOA,5,558,humidity,c:\Users\eloma\OneDrive\Desktop\TBDM-Heatmap\./data/raw_dataset\5\558\humidity.csv
113,POLOA,5,558,light,c:\Users\eloma\OneDrive\Desktop\TBDM-Heatmap\./data/raw_dataset\5\558\light.csv
114,POLOA,5,558,pir,c:\Users\eloma\OneDrive\Desktop\TBDM-Heatmap\./data/raw_dataset\5\558\pir.csv
115,POLOA,5,558,temperature,c:\Users\eloma\OneDrive\Desktop\TBDM-Heatmap\./data/raw_dataset\5\558\temperature.csv
116,POLOA,5,562,co2,c:\Users\eloma\OneDrive\Desktop\TBDM-Heatmap\./data/raw_dataset\5\562\co2.csv
117,POLOA,5,562,humidity,c:\Users\eloma\OneDrive\Desktop\TBDM-Heatmap\./data/raw_dataset\5\562\humidity.csv
118,POLOA,5,562,light,c:\Users\eloma\OneDrive\Desktop\TBDM-Heatmap\./data/raw_dataset\5\562\light.csv
119,POLOA,5,562,pir,c:\Users\eloma\OneDrive\Desktop\TBDM-Heatmap\./data/raw_dataset\5\562\pir.csv
120,POLOA,5,562,temperature,c:\Users\eloma\OneDrive\Desktop\TBDM-Heatmap\./data/raw_dataset\5\562\temperature.csv
121,POLOA,5,564,co2,c:\Users\eloma\OneDrive\Desktop\TBDM-Heatmap\./data/raw_dataset\5\564\co2.csv
122,POLOA,5,564,humidity,c:\Users\eloma\OneDrive\Desktop\TBDM-Heatmap\./data/raw_dataset\5\564\humidity.csv
123,POLOA,5,564,light,c:\Users\eloma\OneDrive\Desktop\TBDM-Heatmap\./data/raw_dataset\5\564\light.csv
124,POLOA,5,564,pir,c:\Users\eloma\OneDrive\Desktop\TBDM-Heatmap\./data/raw_dataset\5\564\pir.csv
125,POLOA,5,564,temperature,c:\Users\eloma\OneDrive\Desktop\TBDM-Heatmap\./data/raw_dataset\5\564\temperature.csv
126,POLOA,6,621,co2,c:\Users\eloma\OneDrive\Desktop\TBDM-Heatmap\./data/raw_dataset\6\621\co2.csv
127,POLOA,6,621,humidity,c:\Users\eloma\OneDrive\Desktop\TBDM-Heatmap\./data/raw_dataset\6\621\humidity.csv
128,POLOA,6,621,light,c:\Users\eloma\OneDrive\Desktop\TBDM-Heatmap\./data/raw_dataset\6\621\light.csv
129,POLOA,6,621,pir,c:\Users\eloma\OneDrive\Desktop\TBDM-Heatmap\./data/raw_dataset\6\621\pir.csv
130,POLOA,6,621,temperature,c:\Users\eloma\OneDrive\Desktop\TBDM-Heatmap\./data/raw_dataset\6\621\temperature.csv
131,POLOA,6,621A,co2,c:\Users\eloma\OneDrive\Desktop\TBDM-Heatmap\./data/raw_dataset\6\621A\co2.csv
132,POLOA,6,621A,humidity,c:\Users\eloma\OneDrive\Desktop\TBDM-Heatmap\./data/raw_dataset\6\621A\humidity.csv
133,POLOA,6,621A,light,c:\Users\eloma\OneDrive\Desktop\TBDM-Heatmap\./data/raw_dataset\6\621A\light.csv
134,POLOA,6,621A,pir,c:\Users\eloma\OneDrive\Desktop\TBDM-Heatmap\./data/raw_dataset\6\621A\pir.csv
135,POLOA,6,621A,temperature,c:\Users\eloma\OneDrive\Desktop\TBDM-Heatmap\./data/raw_dataset\6\621A\temperature.csv
136,POLOA,6,621C,co2,c:\Users\eloma\OneDrive\Desktop\TBDM-Heatmap\./data/raw_dataset\6\621C\co2.csv
137,POLOA,6,621C,humidity,c:\Users\eloma\OneDrive\Desktop\TBDM-Heatmap\./data/raw_dataset\6\621C\humidity.csv
138,POLOA,6,621C,light,c:\Users\eloma\OneDrive\Desktop\TBDM-Heatmap\./data/raw_dataset\6\621C\light.csv
139,POLOA,6,621C,pir,c:\Users\eloma\OneDrive\Desktop\TBDM-Heatmap\./data/raw_dataset\6\621C\pir.csv
140,POLOA,6,621C,temperature,c:\Users\eloma\OneDrive\Desktop\TBDM-Heatmap\./data/raw_dataset\6\621C\temperature.csv
141,POLOA,6,621D,co2,c:\Users\eloma\OneDrive\Desktop\TBDM-Heatmap\./data/raw_dataset\6\621D\co2.csv
142,POLOA,6,621D,humidity,c:\Users\eloma\OneDrive\Desktop\TBDM-Heatmap\./data/raw_dataset\6\621D\humidity.csv
143,POLOA,6,621D,light,c:\Users\eloma\OneDrive\Desktop\TBDM-Heatmap\./data/raw_dataset\6\621D\light.csv
144,POLOA,6,621D,pir,c:\Users\eloma\OneDrive\Desktop\TBDM-Heatmap\./data/raw_dataset\6\621D\pir.csv
145,POLOA,6,621D,temperature,c:\Users\eloma\OneDrive\Desktop\TBDM-Heatmap\./data/raw_dataset\6\621D\temperature.csv
146,POLOA,6,621E,co2,c:\Users\eloma\OneDrive\Desktop\TBDM-Heatmap\./data/raw_dataset\6\621E\co2.csv
147,POLOA,6,621E,humidity,c:\Users\eloma\OneDrive\Desktop\TBDM-Heatmap\./data/raw_dataset\6\621E\humidity.csv
148,POLOA,6,621E,light,c:\Users\eloma\OneDrive\Desktop\TBDM-Heatmap\./data/raw_dataset\6\621E\light.csv
149,POLOA,6,621E,pir,c:\Users\eloma\OneDrive\Desktop\TBDM-Heatmap\./data/raw_dataset\6\621E\pir.csv
150,POLOA,6,621E,temperature,c:\Users\eloma\OneDrive\Desktop\TBDM-Heatmap\./data/raw_dataset\6\621E\temperature.csv
151,POLOA,6,640,co2,c:\Users\eloma\OneDrive\Desktop\TBDM-Heatmap\./data/raw_dataset\6\640\co2.csv
152,POLOA,6,640,humidity,c:\Users\eloma\OneDrive\Desktop\TBDM-Heatmap\./data/raw_dataset\6\640\humidity.csv
153,POLOA,6,640,light,c:\Users\eloma\OneDrive\Desktop\TBDM-Heatmap\./data/raw_dataset\6\640\light.csv
154,POLOA,6,640,pir,c:\Users\eloma\OneDrive\Desktop\TBDM-Heatmap\./data/raw_dataset\6\640\pir.csv
155,POLOA,6,640,temperature,c:\Users\eloma\OneDrive\Desktop\TBDM-Heatmap\./data/raw_dataset\6\640\temperature.csv
156,POLOA,6,644,co2,c:\Users\eloma\OneDrive\Desktop\TBDM-Heatmap\./data/raw_dataset\6\644\co2.csv
157,POLOA,6,644,humidity,c:\Users\eloma\OneDrive\Desktop\TBDM-Heatmap\./data/raw_dataset\6\644\humidity.csv
158,POLOA,6,644,light,c:\Users\eloma\OneDrive\Desktop\TBDM-Heatmap\./data/raw_dataset\6\644\light.csv
159,POLOA,6,644,pir,c:\Users\eloma\OneDrive\Desktop\TBDM-Heatmap\./data/raw_dataset\6\644\pir.csv
160,POLOA,6,644,temperature,c:\Users\eloma\OneDrive\Desktop\TBDM-Heatmap\./data/raw_dataset\6\644\temperature.csv
161,POLOA,6,648,co2,c:\Users\eloma\OneDrive\Desktop\TBDM-Heatmap\./data/raw_dataset\6\648\co2.csv
162,POLOA,6,648,humidity,c:\Users\eloma\OneDrive\Desktop\TBDM-Heatmap\./data/raw_dataset\6\648\humidity.csv
163,POLOA,6,648,light,c:\Users\eloma\OneDrive\Desktop\TBDM-Heatmap\./data/raw_dataset\6\648\light.csv
164,POLOA,6,648,pir,c:\Users\eloma\OneDrive\Desktop\TBDM-Heatmap\./data/raw_dataset\6\648\pir.csv
165,POLOA,6,648,temperature,c:\Users\eloma\OneDrive\Desktop\TBDM-Heatmap\./data/raw_dataset\6\648\temperature.csv
166,POLOA,6,656A,co2,c:\Users\eloma\OneDrive\Desktop\TBDM-Heatmap\./data/raw_dataset\6\656A\co2.csv
167,POLOA,6,656A,humidity,c:\Users\eloma\OneDrive\Desktop\TBDM-Heatmap\./data/raw_dataset\6\656A\humidity.csv
168,POLOA,6,656A,light,c:\Users\eloma\OneDrive\Desktop\TBDM-Heatmap\./data/raw_dataset\6\656A\light.csv
169,POLOA,6,656A,pir,c:\Users\eloma\OneDrive\Desktop\TBDM-Heatmap\./data/raw_dataset\6\656A\pir.csv
170,POLOA,6,656A,temperature,c:\Users\eloma\OneDrive\Desktop\TBDM-Heatmap\./data/raw_dataset\6\656A\temperature.csv
171,POLOA,6,656B,co2,c:\Users\eloma\OneDrive\Desktop\TBDM-Heatmap\./data/raw_dataset\6\656B\co2.csv
172,POLOA,6,656B,humidity,c:\Users\eloma\OneDrive\Desktop\TBDM-Heatmap\./data/raw_dataset\6\656B\humidity.csv
173,POLOA,6,656B,light,c:\Users\eloma\OneDrive\Desktop\TBDM-Heatmap\./data/raw_dataset\6\656B\light.csv
174,POLOA,6,656B,pir,c:\Users\eloma\OneDrive\Desktop\TBDM-Heatmap\./data/raw_dataset\6\656B\pir.csv
175,POLOA,6,656B,temperature,c:\Users\eloma\OneDrive\Desktop\TBDM-Heatmap\./data/raw_dataset\6\656B\temperature.csv
176,POLOA,6,664,co2,c:\Users\eloma\OneDrive\Desktop\TBDM-Heatmap\./data/raw_dataset\6\664\co2.csv
177,POLOA,6,664,humidity,c:\Users\eloma\OneDrive\Desktop\TBDM-Heatmap\./data/raw_dataset\6\664\humidity.csv
178,POLOA,6,664,light,c:\Users\eloma\OneDrive\Desktop\TBDM-Heatmap\./data/raw_dataset\6\664\light.csv
179,POLOA,6,664,pir,c:\Users\eloma\OneDrive\Desktop\TBDM-Heatmap\./data/raw_dataset\6\664\pir.csv
180,POLOA,6,664,temperature,c:\Users\eloma\OneDrive\Desktop\TBDM-Heatmap\./data/raw_dataset\6\664\temperature.csv
181,POLOA,6,666,co2,c:\Users\eloma\OneDrive\Desktop\TBDM-Heatmap\./data/raw_dataset\6\666\co2.csv
182,POLOA,6,666,humidity,c:\Users\eloma\OneDrive\Desktop\TBDM-Heatmap\./data/raw_dataset\6\666\humidity.csv
183,POLOA,6,666,light,c:\Users\eloma\OneDrive\Desktop\TBDM-Heatmap\./data/raw_dataset\6\666\light.csv
184,POLOA,6,666,pir,c:\Users\eloma\OneDrive\Desktop\TBDM-Heatmap\./data/raw_dataset\6\666\pir.csv
185,POLOA,6,666,temperature,c:\Users\eloma\OneDrive\Desktop\TBDM-Heatmap\./data/raw_dataset\6\666\temperature.csv
186,POLOA,6,668,co2,c:\Users\eloma\OneDrive\Desktop\TBDM-Heatmap\./data/raw_dataset\6\668\co2.csv
187,POLOA,6,668,humidity,c:\Users\eloma\OneDrive\Desktop\TBDM-Heatmap\./data/raw_dataset\6\668\humidity.csv
188,POLOA,6,668,light,c:\Users\eloma\OneDrive\Desktop\TBDM-Heatmap\./data/raw_dataset\6\668\light.csv
189,POLOA,6,668,pir,c:\Users\eloma\OneDrive\Desktop\TBDM-Heatmap\./data/raw_dataset\6\668\pir.csv
190,POLOA,6,668,temperature,c:\Users\eloma\OneDrive\Desktop\TBDM-Heatmap\./data/raw_dataset\6\668\temperature.csv
191,POLOA,7,717,co2,c:\Users\eloma\OneDrive\Desktop\TBDM-Heatmap\./data/raw_dataset\7\717\co2.csv
192,POLOA,7,717,humidity,c:\Users\eloma\OneDrive\Desktop\TBDM-Heatmap\./data/raw_dataset\7\717\humidity.csv
193,POLOA,7,717,light,c:\Users\eloma\OneDrive\Desktop\TBDM-Heatmap\./data/raw_dataset\7\717\light.csv
194,POLOA,7,717,pir,c:\Users\eloma\OneDrive\Desktop\TBDM-Heatmap\./data/raw_dataset\7\717\pir.csv
195,POLOA,7,717,temperature,c:\Users\eloma\OneDrive\Desktop\TBDM-Heatmap\./data/raw_dataset\7\717\temperature.csv
196,POLOA,7,719,co2,c:\Users\eloma\OneDrive\Desktop\TBDM-Heatmap\./data/raw_dataset\7\719\co2.csv
197,POLOA,7,719,humidity,c:\Users\eloma\OneDrive\Desktop\TBDM-Heatmap\./data/raw_dataset\7\719\humidity.csv
198,POLOA,7,719,light,c:\Users\eloma\OneDrive\Desktop\TBDM-Heatmap\./data/raw_dataset\7\719\light.csv
199,POLOA,7,719,pir,c:\Users\eloma\OneDrive\Desktop\TBDM-Heatmap\./data/raw_dataset\7\719\pir.csv
200,POLOA,7,719,temperature,c:\Users\eloma\OneDrive\Desktop\TBDM-Heatmap\./data/raw_dataset\7\719\temperature.csv
201,POLOA,7,721,co2,c:\Users\eloma\OneDrive\Desktop\TBDM-Heatmap\./data/raw_dataset\7\721\co2.csv
202,POLOA,7,721,humidity,c:\Users\eloma\OneDrive\Desktop\TBDM-Heatmap\./data/raw_dataset\7\721\humidity.csv
203,POLOA,7,721,light,c:\Users\eloma\OneDrive\Desktop\TBDM-Heatmap\./data/raw_dataset\7\721\light.csv
204,POLOA,7,721,pir,c:\Users\eloma\OneDrive\Desktop\TBDM-Heatmap\./data/raw_dataset\7\721\pir.csv
205,POLOA,7,721,temperature,c:\Users\eloma\OneDrive\Desktop\TBDM-Heatmap\./data/raw_dataset\7\721\temperature.csv
206,POLOA,7,722,co2,c:\Users\eloma\OneDrive\Desktop\TBDM-Heatmap\./data/raw_dataset\7\722\co2.csv
207,POLOA,7,722,humidity,c:\Users\eloma\OneDrive\Desktop\TBDM-Heatmap\./data/raw_dataset\7\722\humidity.csv
208,POLOA,7,722,light,c:\Users\eloma\OneDrive\Desktop\TBDM-Heatmap\./data/raw_dataset\7\722\light.csv
209,POLOA,7,722,pir,c:\Users\eloma\OneDrive\Desktop\TBDM-Heatmap\./data/raw_dataset\7\722\pir.csv
210,POLOA,7,722,temperature,c:\Users\eloma\OneDrive\Desktop\TBDM-Heatmap\./data/raw_dataset\7\722\temperature.csv
211,POLOA,7,723,co2,c:\Users\eloma\OneDrive\Desktop\TBDM-Heatmap\./data/raw_dataset\7\723\co2.csv
212,POLOA,7,723,humidity,c:\Users\eloma\OneDrive\Desktop\TBDM-Heatmap\./data/raw_dataset\7\723\humidity.csv
213,POLOA,7,723,light,c:\Users\eloma\OneDrive\Desktop\TBDM-Heatmap\./data/raw_dataset\7\723\light.csv
214,POLOA,7,723,pir,c:\Users\eloma\OneDrive\Desktop\TBDM-Heatmap\./data/raw_dataset\7\723\pir.csv
215,POLOA,7,723,temperature,c:\Users\eloma\OneDrive\Desktop\TBDM-Heatmap\./data/raw_dataset\7\723\temperature.csv
216,POLOA,7,724,co2,c:\Users\eloma\OneDrive\Desktop\TBDM-Heatmap\./data/raw_dataset\7\724\co2.csv
217,POLOA,7,724,humidity,c:\Users\eloma\OneDrive\Desktop\TBDM-Heatmap\./data/raw_dataset\7\724\humidity.csv
218,POLOA,7,724,light,c:\Users\eloma\OneDrive\Desktop\TBDM-Heatmap\./data/raw_dataset\7\724\light.csv
219,POLOA,7,724,pir,c:\Users\eloma\OneDrive\Desktop\TBDM-Heatmap\./data/raw_dataset\7\724\pir.csv
220,POLOA,7,724,temperature,c:\Users\eloma\OneDrive\Desktop\TBDM-Heatmap\./data/raw_dataset\7\724\temperature.csv
221,POLOA,7,726,co2,c:\Users\eloma\OneDrive\Desktop\TBDM-Heatmap\./data/raw_dataset\7\726\co2.csv
222,POLOA,7,726,humidity,c:\Users\eloma\OneDrive\Desktop\TBDM-Heatmap\./data/raw_dataset\7\726\humidity.csv
223,POLOA,7,726,light,c:\Users\eloma\OneDrive\Desktop\TBDM-Heatmap\./data/raw_dataset\7\726\light.csv
224,POLOA,7,726,pir,c:\Users\eloma\OneDrive\Desktop\TBDM-Heatmap\./data/raw_dataset\7\726\pir.csv
225,POLOA,7,726,temperature,c:\Users\eloma\OneDrive\Desktop\TBDM-Heatmap\./data/raw_dataset\7\726\temperature.csv
226,POLOA,7,734,co2,c:\Users\eloma\OneDrive\Desktop\TBDM-Heatmap\./data/raw_dataset\7\734\co2.csv
227,POLOA,7,734,humidity,c:\Users\eloma\OneDrive\Desktop\TBDM-Heatmap\./data/raw_dataset\7\734\humidity.csv
228,POLOA,7,734,light,c:\Users\eloma\OneDrive\Desktop\TBDM-Heatmap\./data/raw_dataset\7\734\light.csv
229,POLOA,7,734,pir,c:\Users\eloma\OneDrive\Desktop\TBDM-Heatmap\./data/raw_dataset\7\734\pir.csv
230,POLOA,7,734,temperature,c:\Users\eloma\OneDrive\Desktop\TBDM-Heatmap\./data/raw_dataset\7\734\temperature.csv
231,POLOA,7,746,co2,c:\Users\eloma\OneDrive\Desktop\TBDM-Heatmap\./data/raw_dataset\7\746\co2.csv
232,POLOA,7,746,humidity,c:\Users\eloma\OneDrive\Desktop\TBDM-Heatmap\./data/raw_dataset\7\746\humidity.csv
233,POLOA,7,746,light,c:\Users\eloma\OneDrive\Desktop\TBDM-Heatmap\./data/raw_dataset\7\746\light.csv
234,POLOA,7,746,pir,c:\Users\eloma\OneDrive\Desktop\TBDM-Heatmap\./data/raw_dataset\7\746\pir.csv
235,POLOA,7,746,temperature,c:\Users\eloma\OneDrive\Desktop\TBDM-Heatmap\./data/raw_dataset\7\746\temperature.csv
236,POLOA,7,748,co2,c:\Users\eloma\OneDrive\Desktop\TBDM-Heatmap\./data/raw_dataset\7\748\co2.csv
237,POLOA,7,748,humidity,c:\Users\eloma\OneDrive\Desktop\TBDM-Heatmap\./data/raw_dataset\7\748\humidity.csv
238,POLOA,7,748,light,c:\Users\eloma\OneDrive\Desktop\TBDM-Heatmap\./data/raw_dataset\7\748\light.csv
239,POLOA,7,748,pir,c:\Users\eloma\OneDrive\Desktop\TBDM-Heatmap\./data/raw_dataset\7\748\pir.csv
240,POLOA,7,748,temperature,c:\Users\eloma\OneDrive\Desktop\TBDM-Heatmap\./data/raw_dataset\7\748\temperature.csv
241,POLOA,7,752,co2,c:\Users\eloma\OneDrive\Desktop\TBDM-Heatmap\./data/raw_dataset\7\752\co2.csv
242,POLOA,7,752,humidity,c:\Users\eloma\OneDrive\Desktop\TBDM-Heatmap\./data/raw_dataset\7\752\humidity.csv
243,POLOA,7,752,light,c:\Users\eloma\OneDrive\Desktop\TBDM-Heatmap\./data/raw_dataset\7\752\light.csv
244,POLOA,7,752,pir,c:\Users\eloma\OneDrive\Desktop\TBDM-Heatmap\./data/raw_dataset\7\752\pir.csv
245,POLOA,7,752,temperature,c:\Users\eloma\OneDrive\Desktop\TBDM-Heatmap\./data/raw_dataset\7\752\temperature.csv
246,POLOA,7,754,co2,c:\Users\eloma\OneDrive\Desktop\TBDM-Heatmap\./data/raw_dataset\7\754\co2.csv
247,POLOA,7,754,humidity,c:\Users\eloma\OneDrive\Desktop\TBDM-Heatmap\./data/raw_dataset\7\754\humidity.csv
248,POLOA,7,754,light,c:\Users\eloma\OneDrive\Desktop\TBDM-Heatmap\./data/raw_dataset\7\754\light.csv
249,POLOA,7,754,pir,c:\Users\eloma\OneDrive\Desktop\TBDM-Heatmap\./data/raw_dataset\7\754\pir.csv
250,POLOA,7,754,temperature,c:\Users\eloma\OneDrive\Desktop\TBDM-Heatmap\./data/raw_dataset\7\754\temperature.csv
251,POLOA,7,776,co2,c:\Users\eloma\OneDrive\Desktop\TBDM-Heatmap\./data/raw_dataset\7\776\co2.csv
252,POLOA,7,776,humidity,c:\Users\eloma\OneDrive\Desktop\TBDM-Heatmap\./data/raw_dataset\7\776\humidity.csv
253,POLOA,7,776,light,c:\Users\eloma\OneDrive\Desktop\TBDM-Heatmap\./data/raw_dataset\7\776\light.csv
254,POLOA,7,776,pir,c:\Users\eloma\OneDrive\Desktop\TBDM-Heatmap\./data/raw_dataset\7\776\pir.csv
255,POLOA,7,776,temperature,c:\Users\eloma\OneDrive\Desktop\TBDM-Heatmap\./data/raw_dataset\7\776\temperature.csv
